City,r_square,mean_absolute_error,mean_square_error,sqrt_mean_square_error
Newark-DE,-0.18492539069381864,109995.23808396465,16452670427.774572,128267.96337267764
Bear-DE,0.11341828597980574,106598.32437818877,14757210174.191347,121479.25820563504
Wilmington-DE,-0.0813908456232999,161541.0670932789,54873159343.9656,234250.20671061444
Ames-IA,-0.45227453500939774,119947.49962993422,21351327373.55799,146120.9340702351
